ds,trend,yhat_lower,yhat_upper,trend_lower,trend_upper,additive_terms,additive_terms_lower,additive_terms_upper,yearly,yearly_lower,yearly_upper,multiplicative_terms,multiplicative_terms_lower,multiplicative_terms_upper,yhat,month,ci_width
2022-07-04,1342431.5866772824,598145.121586495,1527713.5972118264,1342431.5866772824,1342431.5866772824,-294349.0691351431,-294349.0691351431,-294349.0691351431,-294349.0691351431,-294349.0691351431,-294349.0691351431,0.0,0.0,0.0,1048082.5175421393,7,929568.4756253314
2022-07-11,1355860.2433947558,687252.2266822961,1558407.203832717,1355860.2433947558,1355860.2433947558,-244183.2929486851,-244183.2929486851,-244183.2929486851,-244183.2929486851,-244183.2929486851,-244183.2929486851,0.0,0.0,0.0,1111676.9504460706,7,871154.9771504208
2022-07-18,1369288.9001122294,719513.7892729383,1657383.2472553686,1369288.9001122294,1369288.9001122294,-151328.0445463743,-151328.0445463743,-151328.0445463743,-151328.0445463743,-151328.0445463743,-151328.0445463743,0.0,0.0,0.0,1217960.855565855,7,937869.4579824304
2022-07-25,1382717.5568297026,858695.5381223287,1722968.8288085193,1382717.5568297026,1382717.5568297026,-79567.71937697074,-79567.71937697074,-79567.71937697074,-79567.71937697074,-79567.71937697074,-79567.71937697074,0.0,0.0,0.0,1303149.8374527318,7,864273.2906861906
2022-08-01,1396146.213547176,881522.1795870585,1754059.644627195,1396146.213547176,1396146.213547176,-77291.86250194197,-77291.86250194197,-77291.86250194197,-77291.86250194197,-77291.86250194197,-77291.86250194197,0.0,0.0,0.0,1318854.3510452341,8,872537.4650401366
2022-08-08,1409574.8702646496,810254.2863945379,1683880.9719309802,1409574.8702646496,1409574.8702646496,-138058.7018918969,-138058.7018918969,-138058.7018918969,-138058.7018918969,-138058.7018918969,-138058.7018918969,0.0,0.0,0.0,1271516.1683727526,8,873626.6855364423
2022-08-15,1423003.5269924041,768544.7828028576,1684185.8426280713,1423003.5269924041,1423003.5269924041,-215462.84849691152,-215462.84849691152,-215462.84849691152,-215462.84849691152,-215462.84849691152,-215462.84849691152,0.0,0.0,0.0,1207540.6784954926,8,915641.0598252137
2022-08-22,1436432.183720159,731566.8103638367,1595921.0833311565,1436432.183720159,1436432.183720159,-260322.90676480674,-260322.90676480674,-260322.90676480674,-260322.90676480674,-260322.90676480674,-260322.90676480674,0.0,0.0,0.0,1176109.2769553524,8,864354.2729673198
2022-08-29,1449860.8404479136,719259.1634660515,1635975.885675921,1449860.8404479136,1449860.8404479136,-239736.47732198672,-239736.47732198672,-239736.47732198672,-239736.47732198672,-239736.47732198672,-239736.47732198672,0.0,0.0,0.0,1210124.3631259268,8,916716.7222098697
2022-09-05,1463289.4971756686,875393.1052740026,1769788.3527223037,1463289.4971756686,1463289.4971756686,-139882.89452781482,-139882.89452781482,-139882.89452781482,-139882.89452781482,-139882.89452781482,-139882.89452781482,0.0,0.0,0.0,1323406.6026478538,9,894395.2474483011
2022-09-12,1476718.1539034233,1017498.573065456,1960122.5919832254,1476718.1539034233,1476718.1539034233,25576.480107643954,25576.480107643954,25576.480107643954,25576.480107643954,25576.480107643954,25576.480107643954,0.0,0.0,0.0,1502294.6340110672,9,942624.0189177694
2022-09-19,1490146.8107851916,1242298.745255883,2133149.3373418003,1490146.8107851916,1490146.8107851916,208874.18931343555,208874.18931343555,208874.18931343555,208874.18931343555,208874.18931343555,208874.18931343555,0.0,0.0,0.0,1699021.000098627,9,890850.5920859172
2022-09-26,1503575.4676669594,1411119.2157037407,2315576.3515574676,1503575.4676669594,1503575.4676669594,352527.8222055683,352527.8222055683,352527.8222055683,352527.8222055683,352527.8222055683,352527.8222055683,0.0,0.0,0.0,1856103.2898725276,9,904457.1358537269
2022-10-03,1517004.1245487276,1515106.62985054,2385999.6059473604,1517004.1245487276,1517004.1245487276,439029.1535575032,439029.1535575032,439029.1535575032,439029.1535575032,439029.1535575032,439029.1535575032,0.0,0.0,0.0,1956033.2781062308,10,870892.9760968203
2022-10-10,1530432.7814304957,1587095.8893000707,2489449.334807041,1530432.7814304957,1530432.7814304957,510200.96927302086,510200.96927302086,510200.96927302086,510200.96927302086,510200.96927302086,510200.96927302086,0.0,0.0,0.0,2040633.7507035164,10,902353.4455069704
2022-10-17,1543861.4383122637,1709766.109257492,2554370.1247794335,1543861.4383122637,1543861.4383122637,617804.8428719335,617804.8428719335,617804.8428719335,617804.8428719335,617804.8428719335,617804.8428719335,0.0,0.0,0.0,2161666.2811841974,10,844604.0155219415
2022-10-24,1557290.0955209902,1839231.8881281463,2761287.3017250737,1557290.0955209902,1557290.0955209902,750092.8988246638,750092.8988246638,750092.8988246638,750092.8988246638,750092.8988246638,750092.8988246638,0.0,0.0,0.0,2307382.994345654,10,922055.4135969274
2022-10-31,1570718.7527297167,1937826.020597373,2861774.775656263,1570718.7527297167,1570718.7527297167,824574.78332436,824574.78332436,824574.78332436,824574.78332436,824574.78332436,824574.78332436,0.0,0.0,0.0,2395293.5360540766,10,923948.75505889
2022-11-07,1584147.409938443,1953122.9601001868,2806551.8830341552,1584147.409938443,1584147.409938443,770334.6788065255,770334.6788065255,770334.6788065255,770334.6788065255,770334.6788065255,770334.6788065255,0.0,0.0,0.0,2354482.0887449686,11,853428.9229339685
2022-11-14,1597576.0671471695,1766267.1468507932,2662952.8758280384,1597576.0671471695,1597576.0671471695,611267.0605994506,611267.0605994506,611267.0605994506,611267.0605994506,611267.0605994506,611267.0605994506,0.0,0.0,0.0,2208843.12774662,11,896685.7289772453
2022-11-21,1611004.724355896,1616225.7243661343,2516155.074694839,1611004.724355896,1611004.724355896,446747.70267046406,446747.70267046406,446747.70267046406,446747.70267046406,446747.70267046406,446747.70267046406,0.0,0.0,0.0,2057752.42702636,11,899929.3503287046
2022-11-28,1624433.3813008983,1507924.994913476,2408718.8304453506,1624433.3813008983,1624433.3813008983,343318.60387807374,343318.60387807374,343318.60387807374,343318.60387807374,343318.60387807374,343318.60387807374,0.0,0.0,0.0,1967751.9851789721,11,900793.8355318746
2022-12-05,1637862.0382459003,1463285.2341524498,2354949.738541297,1637862.0382459003,1637862.0382459003,265035.31204873626,265035.31204873626,265035.31204873626,265035.31204873626,265035.31204873626,265035.31204873626,0.0,0.0,0.0,1902897.3502946366,12,891664.5043888474
2022-12-12,1651290.6951909023,1337305.8255245173,2186886.489988524,1651290.6951909023,1651290.6951909023,133149.8631095041,133149.8631095041,133149.8631095041,133149.8631095041,133149.8631095041,133149.8631095041,0.0,0.0,0.0,1784440.5583004064,12,849580.6644640067
2022-12-19,1664719.3521359044,1178565.0037921958,2069588.5230180868,1664719.3521359044,1664719.3521359044,-51166.65736156164,-51166.65736156164,-51166.65736156164,-51166.65736156164,-51166.65736156164,-51166.65736156164,0.0,0.0,0.0,1613552.6947743427,12,891023.519225891
2022-12-26,1678148.0090809064,1057279.5632669816,1939922.022787681,1678148.0090809064,1678148.0090809064,-175521.05087317273,-175521.05087317273,-175521.05087317273,-175521.05087317273,-175521.05087317273,-175521.05087317273,0.0,0.0,0.0,1502626.9582077337,12,882642.4595206995
2023-01-02,1691576.6659959308,1106422.5300724725,2030505.4021423613,1691576.6659959308,1691576.6659959308,-131216.64889053567,-131216.64889053567,-131216.64889053567,-131216.64889053567,-131216.64889053567,-131216.64889053567,0.0,0.0,0.0,1560360.0171053952,1,924082.8720698887
2023-01-09,1705005.3229109552,1303627.1147590706,2223459.322232051,1705005.3229109552,1705005.3229109552,49669.31177839035,49669.31177839035,49669.31177839035,49669.31177839035,49669.31177839035,49669.31177839035,0.0,0.0,0.0,1754674.6346893455,1,919832.2074729803
2023-01-16,1718433.9798259798,1479200.2734854547,2346843.1458860924,1718433.9798259798,1718433.9798259798,200258.84840457616,200258.84840457616,200258.84840457616,200258.84840457616,200258.84840457616,200258.84840457616,0.0,0.0,0.0,1918692.8282305559,1,867642.8724006377
2023-01-23,1731862.6367410044,1485211.437031126,2379071.573196565,1731862.6367410044,1731862.6367410044,175531.57083782402,175531.57083782402,175531.57083782402,175531.57083782402,175531.57083782402,175531.57083782402,0.0,0.0,0.0,1907394.2075788286,1,893860.1361654387
2023-01-30,1745291.2936560288,1296974.8034146994,2147276.595344429,1745291.2936560288,1745291.2936560288,-8987.489006509373,-8987.489006509373,-8987.489006509373,-8987.489006509373,-8987.489006509373,-8987.489006509373,0.0,0.0,0.0,1736303.8046495195,1,850301.7919297295
2023-02-06,1758719.950465837,1122596.7227852806,1978162.147822603,1758719.950465837,1758719.950465837,-208995.08867855996,-208995.08867855996,-208995.08867855996,-208995.08867855996,-208995.08867855996,-208995.08867855996,0.0,0.0,0.0,1549724.861787277,2,855565.4250373223
2023-02-13,1772148.6072756448,1020141.2352482665,1915107.963424556,1772148.6072756448,1772148.6072756448,-311912.3673352945,-311912.3673352945,-311912.3673352945,-311912.3673352945,-311912.3673352945,-311912.3673352945,0.0,0.0,0.0,1460236.2399403504,2,894966.7281762895
2023-02-20,1785577.264085453,989841.5915078267,1887560.8174916003,1785577.264085453,1785577.264085453,-340392.8783463741,-340392.8783463741,-340392.8783463741,-340392.8783463741,-340392.8783463741,-340392.8783463741,0.0,0.0,0.0,1445184.385739079,2,897719.2259837736
2023-02-27,1799005.9208952612,968737.3703633717,1851148.6697028577,1799005.9208952612,1799005.9208952612,-388645.3669689799,-388645.3669689799,-388645.3669689799,-388645.3669689799,-388645.3669689799,-388645.3669689799,0.0,0.0,0.0,1410360.5539262814,2,882411.299339486
2023-03-06,1812434.5777086718,905320.3825938274,1769635.1073101019,1812434.5777086718,1812434.5777086718,-482758.86078913906,-482758.86078913906,-482758.86078913906,-482758.86078913906,-482758.86078913906,-482758.86078913906,0.0,0.0,0.0,1329675.7169195327,3,864314.7247162744
2023-03-13,1825863.2345220828,863629.1363701182,1763637.3156246718,1825863.2345220828,1825863.2345220828,-540746.7617575228,-540746.7617575228,-540746.7617575228,-540746.7617575228,-540746.7617575228,-540746.7617575228,0.0,0.0,0.0,1285116.47276456,3,900008.1792545535
2023-03-20,1839291.8913354937,930243.1411164062,1816200.272672183,1839291.8913354937,1839291.8913354937,-478112.8242773418,-478112.8242773418,-478112.8242773418,-478112.8242773418,-478112.8242773418,-478112.8242773418,0.0,0.0,0.0,1361179.0670581518,3,885957.1315557769
2023-03-27,1852720.5481489042,1077943.2396559103,1960051.4007281817,1852720.5481489042,1852720.5481489042,-323394.8331517353,-323394.8331517353,-323394.8331517353,-323394.8331517353,-323394.8331517353,-323394.8331517353,0.0,0.0,0.0,1529325.7149971689,3,882108.1610722714
2023-04-03,1866149.204962315,1204101.8275759998,2114240.666226373,1866149.204962315,1866149.204962315,-196939.32520669396,-196939.32520669396,-196939.32520669396,-196939.32520669396,-196939.32520669396,-196939.32520669396,0.0,0.0,0.0,1669209.879755621,4,910138.8386503733
2023-04-10,1879577.8618983135,1294933.227288002,2152401.0049541993,1879577.8618983135,1879577.8618983135,-175442.00665054726,-175442.00665054726,-175442.00665054726,-175442.00665054726,-175442.00665054726,-175442.00665054726,0.0,0.0,0.0,1704135.8552477662,4,857467.7776661974
2023-04-17,1893006.5188343117,1226168.242828319,2103060.968891604,1893006.5188343117,1893006.5188343117,-205362.56911627573,-205362.56911627573,-205362.56911627573,-205362.56911627573,-205362.56911627573,-205362.56911627573,0.0,0.0,0.0,1687643.949718036,4,876892.7260632848
2023-04-24,1906435.1757703102,1280409.2242098926,2180370.1953516942,1906435.1757703102,1906435.1757703102,-169854.33313229092,-169854.33313229092,-169854.33313229092,-169854.33313229092,-169854.33313229092,-169854.33313229092,0.0,0.0,0.0,1736580.8426380192,4,899960.9711418017
2023-05-01,1919863.8327063085,1441714.707285135,2339060.0957284565,1919863.8327063085,1919863.8327063085,-30179.377164703772,-30179.377164703772,-30179.377164703772,-30179.377164703772,-30179.377164703772,-30179.377164703772,0.0,0.0,0.0,1889684.4555416047,5,897345.3884433215
2023-05-08,1933292.4896423067,1649378.7591582166,2507627.8202221566,1933292.4896423067,1933292.4896423067,123764.40414830219,123764.40414830219,123764.40414830219,123764.40414830219,123764.40414830219,123764.40414830219,0.0,0.0,0.0,2057056.893790609,5,858249.0610639399
2023-05-15,1946721.150084932,1654779.8360723534,2578329.791768854,1946721.150084932,1946721.150084932,168888.81135804026,168888.81135804026,168888.81135804026,168888.81135804026,168888.81135804026,168888.81135804026,0.0,0.0,0.0,2115609.9614429725,5,923549.9556965006
2023-05-22,1960149.8105275575,1548255.2951604524,2489266.577074245,1960149.8105275575,1960149.8105275575,76363.37022372428,76363.37022372428,76363.37022372428,76363.37022372428,76363.37022372428,76363.37022372428,0.0,0.0,0.0,2036513.1807512818,5,941011.2819137927
2023-05-29,1973578.4709701824,1494336.6728714278,2363407.5074945106,1973578.4709701824,1973578.4709701824,-70632.84716296814,-70632.84716296814,-70632.84716296814,-70632.84716296814,-70632.84716296814,-70632.84716296814,0.0,0.0,0.0,1902945.6238072142,5,869070.8346230828
2023-06-05,1987007.1314128079,1349623.2910055104,2274463.119652147,1987007.1314128079,1987007.1314128079,-174961.82891143207,-174961.82891143207,-174961.82891143207,-174961.82891143207,-174961.82891143207,-174961.82891143207,0.0,0.0,0.0,1812045.3025013758,6,924839.8286466366
2023-06-12,2000435.7918554333,1336554.560623898,2243532.5508838473,2000435.7918554333,2000435.7918554333,-216807.12829174023,-216807.12829174023,-216807.12829174023,-216807.12829174023,-216807.12829174023,-216807.12829174023,0.0,0.0,0.0,1783628.663563693,6,906977.9902599494
2023-06-19,2013864.4590114325,1312152.1843789693,2229992.05563798,2013864.4590114325,2013864.4590114325,-241128.8399500153,-241128.8399500153,-241128.8399500153,-241128.8399500153,-241128.8399500153,-241128.8399500153,0.0,0.0,0.0,1772735.6190614172,6,917839.8712590106
2023-06-26,2027293.1261674317,1322524.9049316198,2177619.4303296693,2027293.1261674317,2027293.1261674317,-276899.9335852105,-276899.9335852105,-276899.9335852105,-276899.9335852105,-276899.9335852105,-276899.9335852105,0.0,0.0,0.0,1750393.1925822212,6,855094.5253980495
2023-07-03,2040721.793323431,1302802.468662296,2205726.610712915,2040721.793323431,2040721.793323431,-296321.15005501045,-296321.15005501045,-296321.15005501045,-296321.15005501045,-296321.15005501045,-296321.15005501045,0.0,0.0,0.0,1744400.6432684204,7,902924.1420506192
2023-07-10,2054150.4604794302,1365091.1711280982,2228146.8508352423,2054150.4604794302,2054150.4604794302,-257675.3647201239,-257675.3647201239,-257675.3647201239,-257675.3647201239,-257675.3647201239,-257675.3647201239,0.0,0.0,0.0,1796475.0957593063,7,863055.6797071442
2023-07-17,2067579.1276354294,1439207.145274384,2315149.643460617,2067579.1276354294,2067579.1276354294,-168374.15217129647,-168374.15217129647,-168374.15217129647,-168374.15217129647,-168374.15217129647,-168374.15217129647,0.0,0.0,0.0,1899204.9754641328,7,875942.498186233
2023-07-24,2081008.428402945,1560008.2337604845,2467123.485368749,2081008.428402945,2081008.428402945,-88036.01087412477,-88036.01087412477,-88036.01087412477,-88036.01087412477,-88036.01087412477,-88036.01087412477,0.0,0.0,0.0,1992972.4175288202,7,907115.2516082646
2023-07-31,2094437.7291704603,1585139.9315766215,2456384.5111945863,2094437.7291704603,2094437.7291704603,-72153.83571833037,-72153.83571833037,-72153.83571833037,-72153.83571833037,-72153.83571833037,-72153.83571833037,0.0,0.0,0.0,2022283.8934521298,7,871244.5796179648
2023-08-07,2107867.029937976,1545953.0668103057,2456171.590923904,2107867.029937976,2107867.029937976,-124420.15322626746,-124420.15322626746,-124420.15322626746,-124420.15322626746,-124420.15322626746,-124420.15322626746,0.0,0.0,0.0,1983446.8767117085,8,910218.5241135983
2023-08-14,2121296.330705492,1443703.161098946,2371045.9801466144,2121296.330705492,2121296.330705492,-202788.4245399315,-202788.4245399315,-202788.4245399315,-202788.4245399315,-202788.4245399315,-202788.4245399315,0.0,0.0,0.0,1918507.9061655602,8,927342.8190476685
2023-08-21,2134725.631473007,1403669.4736087967,2324865.3418344576,2134725.631473007,2134725.631473007,-256402.7546793268,-256402.7546793268,-256402.7546793268,-256402.7546793268,-256402.7546793268,-256402.7546793268,0.0,0.0,0.0,1878322.8767936802,8,921195.8682256609
2023-08-28,2148154.937053762,1463196.7703675958,2346126.9406517446,2148154.937053762,2148154.937053762,-249110.74112672548,-249110.74112672548,-249110.74112672548,-249110.74112672548,-249110.74112672548,-249110.74112672548,0.0,0.0,0.0,1899044.1959270365,8,882930.1702841488
2023-09-04,2161584.2426345167,1535100.232416337,2407117.188159048,2161584.2426345167,2161584.2426345167,-163380.5900843468,-163380.5900843468,-163380.5900843468,-163380.5900843468,-163380.5900843468,-163380.5900843468,0.0,0.0,0.0,1998203.65255017,9,872016.9557427112
2023-09-11,2175013.5482152714,1721422.066390644,2636109.0743739,2175013.5482152714,2175013.5482152714,-7033.518945496577,-7033.518945496577,-7033.518945496577,-7033.518945496577,-7033.518945496577,-7033.518945496577,0.0,0.0,0.0,2167980.029269775,9,914687.0079832559
2023-09-18,2188442.8537960257,1922435.312376056,2810214.6745807324,2188442.8537960257,2188442.8537960257,177631.56635843834,177631.56635843834,177631.56635843834,177631.56635843834,177631.56635843834,177631.56635843834,0.0,0.0,0.0,2366074.420154464,9,887779.3622046763
2023-09-25,2201872.159376781,2086226.4890043398,2978090.397704054,2201872.159376781,2201872.159376781,331408.49660540343,331408.49660540343,331408.49660540343,331408.49660540343,331408.49660540343,331408.49660540343,0.0,0.0,0.0,2533280.655982184,9,891863.9086997143
2023-10-02,2215302.9752736893,2166693.5114148837,3061132.6970467074,2215302.9752736893,2215302.9752736893,426497.36524314305,426497.36524314305,426497.36524314305,426497.36524314305,426497.36524314305,426497.36524314305,0.0,0.0,0.0,2641800.340516832,10,894439.1856318237
2023-10-09,2228733.7911705975,2278763.941519591,3200651.461493542,2228733.7911705975,2228733.7911705975,495822.36434668524,495822.36434668524,495822.36434668524,495822.36434668524,495822.36434668524,495822.36434668524,0.0,0.0,0.0,2724556.155517283,10,921887.5199739509
2023-10-16,2242164.6070675054,2342601.5923476648,3254765.0790239894,2242164.6070675054,2242164.6070675054,595269.5848796156,595269.5848796156,595269.5848796156,595269.5848796156,595269.5848796156,595269.5848796156,0.0,0.0,0.0,2837434.191947121,10,912163.4866763246
2023-10-23,2255595.422964414,2499165.3561602845,3450448.1119900737,2255595.422964414,2255595.422964414,727852.1899625396,727852.1899625396,727852.1899625396,727852.1899625396,727852.1899625396,727852.1899625396,0.0,0.0,0.0,2983447.6129269535,10,951282.7558297892
2023-10-30,2269026.2388613224,2645691.00202528,3534389.785464739,2269026.2388613224,2269026.2388613224,819631.0594998831,819631.0594998831,819631.0594998831,819631.0594998831,819631.0594998831,819631.0594998831,0.0,0.0,0.0,3088657.2983612055,10,888698.7834394588
2023-11-06,2282457.757345534,2636616.6161606982,3519938.8582170084,2282457.757345534,2282457.757345534,789846.9201149866,789846.9201149866,789846.9201149866,789846.9201149866,789846.9201149866,789846.9201149866,0.0,0.0,0.0,3072304.6774605205,11,883322.2420563102
2023-11-13,2295889.275829745,2517106.2262539407,3378159.14781257,2295889.275829745,2295889.275829745,643205.2847287838,643205.2847287838,643205.2847287838,643205.2847287838,643205.2847287838,643205.2847287838,0.0,0.0,0.0,2939094.5605585286,11,861052.9215586293
2023-11-20,2309320.7943139565,2360945.6814927105,3239312.720163643,2309320.7943139565,2309320.7943139565,472300.25165352033,472300.25165352033,472300.25165352033,472300.25165352033,472300.25165352033,472300.25165352033,0.0,0.0,0.0,2781621.045967477,11,878367.0386709324
2023-11-27,2322752.312798168,2233622.853371785,3157771.4086199515,2322752.312798168,2322752.312798168,357657.1198675643,357657.1198675643,357657.1198675643,357657.1198675643,357657.1198675643,357657.1198675643,0.0,0.0,0.0,2680409.432665732,11,924148.5552481664
2023-12-04,2336183.8312823796,2149873.3217983916,3070965.6478030984,2336183.8312823796,2336183.8312823796,281087.73391267285,281087.73391267285,281087.73391267285,281087.73391267285,281087.73391267285,281087.73391267285,0.0,0.0,0.0,2617271.5651950524,12,921092.3260047068
2023-12-11,2349615.75419907,2032062.0923127872,2920991.8349615447,2349615.75419907,2349615.75419907,162299.01360207854,162299.01360207854,162299.01360207854,162299.01360207854,162299.01360207854,162299.01360207854,0.0,0.0,0.0,2511914.7678011484,12,888929.7426487575
2023-12-18,2363047.6771157607,1960964.40534188,2817431.460539759,2363047.6771157607,2363047.6771157607,-18506.892016732636,-18506.892016732636,-18506.892016732636,-18506.892016732636,-18506.892016732636,-18506.892016732636,0.0,0.0,0.0,2344540.785099028,12,856467.0551978792
2023-12-25,2376479.600032451,1756215.7372569928,2645320.332364769,2376479.600032451,2376479.600032451,-163848.55259056107,-163848.55259056107,-163848.55259056107,-163848.55259056107,-163848.55259056107,-163848.55259056107,0.0,0.0,0.0,2212631.04744189,12,889104.5951077763
2024-01-01,2389911.5229491415,1796472.0208095452,2669878.271556043,2389911.5229491415,2389911.5229491415,-152401.1334254279,-152401.1334254279,-152401.1334254279,-152401.1334254279,-152401.1334254279,-152401.1334254279,0.0,0.0,0.0,2237510.3895237134,1,873406.2507464979
2024-01-08,2403343.4458658323,1973314.3281104034,2866203.004269582,2403343.4458658323,2403343.4458658323,13956.110526578781,13956.110526578781,13956.110526578781,13956.110526578781,13956.110526578781,13956.110526578781,0.0,0.0,0.0,2417299.5563924112,1,892888.6761591788
2024-01-15,2416775.382914316,2166943.349889195,3046465.050156709,2416775.382914316,2416775.382914316,183720.9052452993,183720.9052452993,183720.9052452993,183720.9052452993,183720.9052452993,183720.9052452993,0.0,0.0,0.0,2600496.2881596154,1,879521.7002675137
2024-01-22,2430207.3199627995,2189242.2102711466,3056264.8976445207,2430207.3199627995,2430207.3199627995,194515.20920966592,194515.20920966592,194515.20920966592,194515.20920966592,194515.20920966592,194515.20920966592,0.0,0.0,0.0,2624722.5291724657,1,867022.6873733741
2024-01-29,2443639.257011283,2034302.817380259,2915673.8018118185,2443639.257011283,2443639.257011283,29851.79953914544,29851.79953914544,29851.79953914544,29851.79953914544,29851.79953914544,29851.79953914544,0.0,0.0,0.0,2473491.0565504287,1,881370.9844315595
2024-02-05,2457071.1940597664,1829951.4126624262,2743441.859638003,2457071.1940597664,2457071.1940597664,-178768.52172377263,-178768.52172377263,-178768.52172377263,-178768.52172377263,-178768.52172377263,-178768.52172377263,0.0,0.0,0.0,2278302.6723359935,2,913490.4469755769
2024-02-12,2470503.13110825,1723096.1813034494,2612697.799212619,2470503.13110825,2470503.13110825,-301375.67760172044,-301375.67760172044,-301375.67760172044,-301375.67760172044,-301375.67760172044,-301375.67760172044,0.0,0.0,0.0,2169127.4535065293,2,889601.6179091698
2024-02-19,2483935.072330459,1719400.3974931508,2604103.4204423046,2483935.072330459,2483935.072330459,-336397.4353118101,-336397.4353118101,-336397.4353118101,-336397.4353118101,-336397.4353118101,-336397.4353118101,0.0,0.0,0.0,2147537.637018649,2,884703.0229491538
2024-02-26,2497367.013552668,1667341.461885326,2559893.056452355,2497367.013552668,2497367.013552668,-375765.1374758784,-375765.1374758784,-375765.1374758784,-375765.1374758784,-375765.1374758784,-375765.1374758784,0.0,0.0,0.0,2121601.8760767896,2,892551.5945670288
2024-03-04,2510798.954774877,1579689.7532486136,2500921.792988133,2510798.954774877,2510798.954774877,-465339.0219837524,-465339.0219837524,-465339.0219837524,-465339.0219837524,-465339.0219837524,-465339.0219837524,0.0,0.0,0.0,2045459.9327911246,3,921232.0397395196
2024-03-11,2524230.895997086,1549010.5360401797,2417427.534134461,2524230.895997086,2524230.895997086,-537884.0520492845,-537884.0520492845,-537884.0520492845,-537884.0520492845,-537884.0520492845,-537884.0520492845,0.0,0.0,0.0,1986346.8439478017,3,868416.9980942814
2024-03-18,2537662.8372192946,1593855.7601277453,2493796.0858484968,2537662.8372192946,2537662.8372192946,-498657.76445513143,-498657.76445513143,-498657.76445513143,-498657.76445513143,-498657.76445513143,-498657.76445513143,0.0,0.0,0.0,2039005.0727641631,3,899940.3257207514
2024-03-25,2551094.77853451,1741336.4408656177,2637115.3161826264,2551094.77853451,2551094.77853451,-352714.21213112306,-352714.21213112306,-352714.21213112306,-352714.21213112306,-352714.21213112306,-352714.21213112306,0.0,0.0,0.0,2198380.566403387,3,895778.8753170087
2024-04-01,2564526.7198497257,1897814.406259805,2775235.6955999024,2564526.7198497257,2564526.7198497257,-212432.97598501382,-212432.97598501382,-212432.97598501382,-212432.97598501382,-212432.97598501382,-212432.97598501382,0.0,0.0,0.0,2352093.743864712,4,877421.2893400975
2024-04-08,2577958.661164941,1945569.234923295,2851106.490194179,2577958.661164941,2577958.661164941,-172352.11589539077,-172352.11589539077,-172352.11589539077,-172352.11589539077,-172352.11589539077,-172352.11589539077,0.0,0.0,0.0,2405606.54526955,4,905537.2552708841
2024-04-15,2591390.602480156,1958167.9487583572,2823800.724833611,2591390.602480156,2591390.602480156,-201726.60429260953,-201726.60429260953,-201726.60429260953,-201726.60429260953,-201726.60429260953,-201726.60429260953,0.0,0.0,0.0,2389663.998187546,4,865632.7760752537
2024-04-22,2604822.54385141,1982570.97794641,2881204.629358577,2604822.54385141,2604822.54385141,-184556.47797815467,-184556.47797815467,-184556.47797815467,-184556.47797815467,-184556.47797815467,-184556.47797815467,0.0,0.0,0.0,2420266.0658732555,4,898633.6514121671
2024-04-29,2618254.485222663,2131536.862507291,3005867.2634951817,2618254.485222663,2618254.485222663,-60037.4984174121,-60037.4984174121,-60037.4984174121,-60037.4984174121,-60037.4984174121,-60037.4984174121,0.0,0.0,0.0,2558216.986805251,4,874330.4009878905
2024-05-06,2631686.426593917,2288787.8438049885,3173154.495021429,2631686.426593917,2631686.426593917,101388.7815120676,101388.7815120676,101388.7815120676,101388.7815120676,101388.7815120676,101388.7815120676,0.0,0.0,0.0,2733075.2081059846,5,884366.6512164404
2024-05-13,2645118.3679651697,2371736.730505926,3246636.5682361643,2645118.3679651697,2645118.3679651697,171873.19163476155,171873.19163476155,171873.19163476155,171873.19163476155,171873.19163476155,171873.19163476155,0.0,0.0,0.0,2816991.5595999314,5,874899.8377302382
2024-05-20,2658550.3093364234,2288500.8519441113,3190683.865159249,2658550.3093364234,2658550.3093364234,100186.73975256902,100186.73975256902,100186.73975256902,100186.73975256902,100186.73975256902,100186.73975256902,0.0,0.0,0.0,2758737.0490889926,5,902183.0132151376
2024-05-27,2671982.2505768384,2188113.1301400256,3046524.7661230383,2671982.2505768384,2671982.2505768384,-45436.29956245047,-45436.29956245047,-45436.29956245047,-45436.29956245047,-45436.29956245047,-45436.29956245047,0.0,0.0,0.0,2626545.951014388,5,858411.6359830126
2024-06-03,2685414.1918172543,2067847.0348096786,2947439.9551653853,2685414.1918172543,2685414.1918172543,-161571.88991891497,-161571.88991891497,-161571.88991891497,-161571.88991891497,-161571.88991891497,-161571.88991891497,0.0,0.0,0.0,2523842.3018983393,6,879592.9203557067
2024-06-10,2698846.1330576697,2022826.9762891012,2903993.037039141,2698846.1330576697,2698846.1330576697,-212188.11668857772,-212188.11668857772,-212188.11668857772,-212188.11668857772,-212188.11668857772,-212188.11668857772,0.0,0.0,0.0,2486658.016369092,6,881166.06075004
2024-06-17,2712278.074298085,2060652.2413719916,2907806.584256155,2712278.074298085,2712278.074298085,-236025.19813165383,-236025.19813165383,-236025.19813165383,-236025.19813165383,-236025.19813165383,-236025.19813165383,0.0,0.0,0.0,2476252.8761664312,6,847154.3428841634
2024-06-24,2725710.0155385006,2004423.2574511666,2906862.6012101388,2725710.0155385006,2725710.0155385006,-270305.23834561266,-270305.23834561266,-270305.23834561266,-270305.23834561266,-270305.23834561266,-270305.23834561266,0.0,0.0,0.0,2455404.777192888,6,902439.3437589721
2024-07-01,2739141.956279273,2008807.8223019713,2885751.8014641916,2739141.956279273,2739141.956279273,-296288.9651416338,-296288.9651416338,-296288.9651416338,-296288.9651416338,-296288.9651416338,-296288.9651416338,0.0,0.0,0.0,2442852.991137639,7,876943.9791622204
2024-07-08,2752573.8970200443,2032954.7267055598,2937402.9168657586,2752573.8970200443,2752573.8970200443,-269392.9861977963,-269392.9861977963,-269392.9861977963,-269392.9861977963,-269392.9861977963,-269392.9861977963,0.0,0.0,0.0,2483180.910822248,7,904448.1901601988
2024-07-15,2766005.8377608163,2153109.4375658627,3032428.4230371504,2766005.8377608163,2766005.8377608163,-185721.5264772088,-185721.5264772088,-185721.5264772088,-185721.5264772088,-185721.5264772088,-185721.5264772088,0.0,0.0,0.0,2580284.3112836075,7,879318.9854712877
2024-07-22,2779437.7785015884,2184157.4343798673,3123009.0665692324,2779437.7785015884,2779437.7785015884,-98716.10264850584,-98716.10264850584,-98716.10264850584,-98716.10264850584,-98716.10264850584,-98716.10264850584,0.0,0.0,0.0,2680721.6758530824,7,938851.6321893651
2024-07-29,2792869.7192423604,2306034.5455439743,3188499.432059597,2792869.7192423604,2792869.7192423604,-69318.37603122927,-69318.37603122927,-69318.37603122927,-69318.37603122927,-69318.37603122927,-69318.37603122927,0.0,0.0,0.0,2723551.343211131,7,882464.886515623
2024-08-05,2806301.6599153853,2257588.3453170974,3153933.5089145033,2806301.6599153853,2806301.6599153853,-111629.00863988925,-111629.00863988925,-111629.00863988925,-111629.00863988925,-111629.00863988925,-111629.00863988925,0.0,0.0,0.0,2694672.651275496,8,896345.1635974059
2024-08-12,2819733.600588411,2185649.957612706,3075462.726418367,2819733.600588411,2819733.600588411,-189278.04267884878,-189278.04267884878,-189278.04267884878,-189278.04267884878,-189278.04267884878,-189278.04267884878,0.0,0.0,0.0,2630455.5579095623,8,889812.7688056612
2024-08-19,2833165.5412614364,2119929.190167161,3041094.4944284093,2833165.5412614364,2833165.5412614364,-250495.3661480652,-250495.3661480652,-250495.3661480652,-250495.3661480652,-250495.3661480652,-250495.3661480652,0.0,0.0,0.0,2582670.175113371,8,921165.3042612481
2024-08-26,2846597.4819344617,2117630.36987319,3039152.452294948,2846597.4819344617,2846597.4819344617,-255921.7738252434,-255921.7738252434,-255921.7738252434,-255921.7738252434,-255921.7738252434,-255921.7738252434,0.0,0.0,0.0,2590675.708109218,8,921522.0824217582
2024-09-02,2860029.422607487,2248894.411457523,3102404.2427564114,2860029.422607487,2860029.422607487,-184527.0268206648,-184527.0268206648,-184527.0268206648,-184527.0268206648,-184527.0268206648,-184527.0268206648,0.0,0.0,0.0,2675502.3957868223,9,853509.8312988887
2024-09-09,2873461.363525426,2394028.4649836817,3314333.5009475728,2873461.363525426,2873461.363525426,-38682.50543120291,-38682.50543120291,-38682.50543120291,-38682.50543120291,-38682.50543120291,-38682.50543120291,0.0,0.0,0.0,2834778.8580942233,9,920305.0359638911
2024-09-16,2886893.304443365,2598222.642651663,3480572.987462138,2886893.304443365,2886893.304443365,145316.96448939588,145316.96448939588,145316.96448939588,145316.96448939588,145316.96448939588,145316.96448939588,0.0,0.0,0.0,3032210.2689327607,9,882350.3448104747
2024-09-23,2900325.245361304,2745449.245254905,3662685.423151242,2900325.245361304,2900325.245361304,308233.3390680092,308233.3390680092,308233.3390680092,308233.3390680092,308233.3390680092,308233.3390680092,0.0,0.0,0.0,3208558.584429313,9,917236.1778963371
2024-09-30,2913757.1862792433,2873836.468393718,3762252.427965326,2913757.1862792433,2913757.1862792433,413067.45771481394,413067.45771481394,413067.45771481394,413067.45771481394,413067.45771481394,413067.45771481394,0.0,0.0,0.0,3326824.643994057,9,888415.9595716079
2024-10-07,2927189.127197182,2964449.190558252,3887319.841178336,2927189.127197182,2927189.127197182,482560.9648712041,482560.9648712041,482560.9648712041,482560.9648712041,482560.9648712041,482560.9648712041,0.0,0.0,0.0,3409750.092068386,10,922870.6506200843
2024-10-14,2940621.06812538,3097455.0367759615,3960655.4151034434,2940621.06812538,2940621.06812538,574029.0077912639,574029.0077912639,574029.0077912639,574029.0077912639,574029.0077912639,574029.0077912639,0.0,0.0,0.0,3514650.075916644,10,863200.3783274819
2024-10-21,2954053.009053579,3251429.558376771,4095677.9817265933,2954053.009053579,2954053.009053579,704338.4833840785,704338.4833840785,704338.4833840785,704338.4833840785,704338.4833840785,704338.4833840785,0.0,0.0,0.0,3658391.4924376574,10,844248.4233498224
2024-10-28,2967484.949981777,3300007.39469568,4209446.919443866,2967484.949981777,2967484.949981777,810553.7378685061,810553.7378685061,810553.7378685061,810553.7378685061,810553.7378685061,810553.7378685061,0.0,0.0,0.0,3778038.687850283,10,909439.5247481861
2024-11-04,2980916.890909975,3349052.5917946873,4242697.757704772,2980916.890909975,2980916.890909975,805362.8319977118,805362.8319977118,805362.8319977118,805362.8319977118,805362.8319977118,805362.8319977118,0.0,0.0,0.0,3786279.7229076866,11,893645.1659100847
2024-11-11,2994348.831838174,3198225.072166573,4131497.865920663,2994348.831838174,2994348.831838174,674405.5463995312,674405.5463995312,674405.5463995312,674405.5463995312,674405.5463995312,674405.5463995312,0.0,0.0,0.0,3668754.3782377047,11,933272.7937540901
2024-11-18,3007780.7724595643,3063229.3769277837,3962045.3931301585,3007780.7724595643,3007780.7724595643,499952.9551504656,499952.9551504656,499952.9551504656,499952.9551504656,499952.9551504656,499952.9551504656,0.0,0.0,0.0,3507733.7276100297,11,898816.0162023748
2024-11-25,3021212.713080954,2929891.9712882456,3834774.882136649,3021212.713080954,3021212.713080954,373406.91281372966,373406.91281372966,373406.91281372966,373406.91281372966,373406.91281372966,373406.91281372966,0.0,0.0,0.0,3394619.6258946834,11,904882.9108484033
2024-12-02,3034644.6537023447,2894600.121866029,3785933.393576826,3034644.6537023447,3034644.6537023447,295611.36040925543,295611.36040925543,295611.36040925543,295611.36040925543,295611.36040925543,295611.36040925543,0.0,0.0,0.0,3330256.0141116004,12,891333.2717107967
2024-12-09,3048076.594323735,2798411.2015380953,3674337.0700209136,3048076.594323735,3048076.594323735,189105.15478990067,189105.15478990067,189105.15478990067,189105.15478990067,189105.15478990067,189105.15478990067,0.0,0.0,0.0,3237181.749113636,12,875925.8684828184
2024-12-16,3061508.5349451257,2614594.6967326147,3490418.4799929117,3061508.5349451257,3061508.5349451257,15198.594577013419,15198.594577013419,15198.594577013419,15198.594577013419,15198.594577013419,15198.594577013419,0.0,0.0,0.0,3076707.129522139,12,875823.783260297
2024-12-23,3074940.4755665157,2444014.343405621,3386942.827661943,3074940.4755665157,3074940.4755665157,-146809.5333380413,-146809.5333380413,-146809.5333380413,-146809.5333380413,-146809.5333380413,-146809.5333380413,0.0,0.0,0.0,2928130.942228474,12,942928.484256322
2024-12-30,3088372.4161879066,2444544.8994832854,3369396.6839948944,3088372.4161879066,3088372.4161879066,-168191.45386032693,-168191.45386032693,-168191.45386032693,-168191.45386032693,-168191.45386032693,-168191.45386032693,0.0,0.0,0.0,2920180.9623275795,12,924851.784511609
2025-01-06,3101804.356809297,2622327.8285345538,3527783.483985358,3101804.356809297,3101804.356809297,-21612.469390339353,-21612.469390339353,-21612.469390339353,-21612.469390339353,-21612.469390339353,-21612.469390339353,0.0,0.0,0.0,3080191.887418958,1,905455.6554508042
2025-01-13,3115236.297430687,2828189.611381689,3734798.912159316,3115236.297430687,3115236.297430687,161673.64781701667,161673.64781701667,161673.64781701667,161673.64781701667,161673.64781701667,161673.64781701667,0.0,0.0,0.0,3276909.9452477037,1,906609.3007776267
2025-01-20,3128668.2380520776,2854576.6336915493,3770404.1196271335,3128668.2380520776,3128668.2380520776,207459.722900544,207459.722900544,207459.722900544,207459.722900544,207459.722900544,207459.722900544,0.0,0.0,0.0,3336127.9609526214,1,915827.4859355842
2025-01-27,3142100.178673468,2749502.920874668,3651531.3862571595,3142100.178673468,3142100.178673468,67303.53409699796,67303.53409699796,67303.53409699796,67303.53409699796,67303.53409699796,67303.53409699796,0.0,0.0,0.0,3209403.712770466,1,902028.4653824917
2025-02-03,3155532.119294859,2564312.333535975,3427839.1142151305,3155532.119294859,3155532.119294859,-145400.15254536946,-145400.15254536946,-145400.15254536946,-145400.15254536946,-145400.15254536946,-145400.15254536946,0.0,0.0,0.0,3010131.9667494893,2,863526.7806791556
2025-02-10,3168964.059916249,2406596.45779418,3333168.626127632,3168964.059916249,3168964.059916249,-287761.5994427606,-287761.5994427606,-287761.5994427606,-287761.5994427606,-287761.5994427606,-287761.5994427606,0.0,0.0,0.0,2881202.4604734886,2,926572.1683334517
2025-02-17,3182396.000537639,2444120.8035289845,3292259.977654969,3182396.000537639,3182396.000537639,-332690.6477149101,-332690.6477149101,-332690.6477149101,-332690.6477149101,-332690.6477149101,-332690.6477149101,0.0,0.0,0.0,2849705.352822729,2,848139.1741259843
2025-02-24,3195827.94115903,2380648.154599967,3271183.9488904784,3195827.94115903,3195827.94115903,-364842.1089987276,-364842.1089987276,-364842.1089987276,-364842.1089987276,-364842.1089987276,-364842.1089987276,0.0,0.0,0.0,2830985.8321603024,2,890535.7942905114
2025-03-03,3209259.8817804204,2320434.7517791353,3199683.7496853853,3209259.8817804204,3209259.8817804204,-447464.6182499798,-447464.6182499798,-447464.6182499798,-447464.6182499798,-447464.6182499798,-447464.6182499798,0.0,0.0,0.0,2761795.2635304406,3,879248.99790625
2025-03-10,3222691.822401811,2250772.3749287976,3129580.2268105284,3222691.822401811,3222691.822401811,-531149.2796661257,-531149.2796661257,-531149.2796661257,-531149.2796661257,-531149.2796661257,-531149.2796661257,0.0,0.0,0.0,2691542.542735685,3,878807.8518817308
2025-03-17,3236123.763023201,2304172.2023736862,3138919.5071517997,3236123.763023201,3236123.763023201,-515467.0687579895,-515467.0687579895,-515467.0687579895,-515467.0687579895,-515467.0687579895,-515467.0687579895,0.0,0.0,0.0,2720656.6942652115,3,834747.3047781135
2025-03-24,3249555.703644592,2413435.0771840685,3313500.7601346993,3249555.703644592,3249555.703644592,-382267.57689009444,-382267.57689009444,-382267.57689009444,-382267.57689009444,-382267.57689009444,-382267.57689009444,0.0,0.0,0.0,2867288.126754497,3,900065.6829506308
2025-03-31,3262987.6442659823,2595047.740177576,3444425.5534067033,3262987.6442659823,3262987.6442659823,-231506.62852311975,-231506.62852311975,-231506.62852311975,-231506.62852311975,-231506.62852311975,-231506.62852311975,0.0,0.0,0.0,3031481.0157428626,3,849377.8132291273
2025-04-07,3276419.5848873723,2634020.515184931,3549264.2777867853,3276419.5848873723,3276419.5848873723,-171738.63826738874,-171738.63826738874,-171738.63826738874,-171738.63826738874,-171738.63826738874,-171738.63826738874,0.0,0.0,0.0,3104680.9466199838,4,915243.7626018543
2025-04-14,3289851.525508763,2635493.147616568,3514826.9502063687,3289851.525508763,3289851.525508763,-196436.90021583583,-196436.90021583583,-196436.90021583583,-196436.90021583583,-196436.90021583583,-196436.90021583583,0.0,0.0,0.0,3093414.625292927,4,879333.8025898007
2025-04-21,3303283.4661301533,2673032.765476668,3596757.79254735,3303283.4661301533,3303283.4661301533,-195434.68008957693,-195434.68008957693,-195434.68008957693,-195434.68008957693,-195434.68008957693,-195434.68008957693,0.0,0.0,0.0,3107848.786040576,4,923725.027070682
2025-04-28,3316715.406751544,2769276.74687587,3662844.903035875,3316715.406751544,3316715.406751544,-88546.43537401731,-88546.43537401731,-88546.43537401731,-88546.43537401731,-88546.43537401731,-88546.43537401731,0.0,0.0,0.0,3228168.971377527,4,893568.1561600049
2025-05-05,3330147.347372934,2951213.3353794795,3825324.428452184,3330147.347372934,3330147.347372934,75876.9000324349,75876.9000324349,75876.9000324349,75876.9000324349,75876.9000324349,75876.9000324349,0.0,0.0,0.0,3406024.2474053693,5,874111.0930727045
2025-05-12,3343579.287994324,3083100.6853896426,3945829.861290329,3343579.287994324,3343579.287994324,169963.47033452516,169963.47033452516,169963.47033452516,169963.47033452516,169963.47033452516,169963.47033452516,0.0,0.0,0.0,3513542.7583288494,5,862729.1759006865
2025-05-19,3357011.228615715,3013310.228366677,3904955.470175959,3357011.228615715,3357011.228615715,121555.60448129744,121555.60448129744,121555.60448129744,121555.60448129744,121555.60448129744,121555.60448129744,0.0,0.0,0.0,3478566.8330970127,5,891645.241809282
2025-05-26,3370443.169237106,2933679.502187309,3831496.5302712577,3370443.169237106,3370443.169237106,-19084.823677987144,-19084.823677987144,-19084.823677987144,-19084.823677987144,-19084.823677987144,-19084.823677987144,0.0,0.0,0.0,3351358.345559119,5,897817.0280839489
2025-06-02,3383875.109858496,2798336.94721284,3683235.636207607,3383875.109858496,3383875.109858496,-145865.43105890282,-145865.43105890282,-145865.43105890282,-145865.43105890282,-145865.43105890282,-145865.43105890282,0.0,0.0,0.0,3238009.6787995934,6,884898.6889947671
2025-06-09,3397307.050479886,2765367.4061300643,3656555.2677875,3397307.050479886,3397307.050479886,-206729.77624782102,-206729.77624782102,-206729.77624782102,-206729.77624782102,-206729.77624782102,-206729.77624782102,0.0,0.0,0.0,3190577.2742320653,6,891187.8616574355
2025-06-16,3410738.991101277,2721656.2800097424,3627184.3781875544,3410738.991101277,3410738.991101277,-231435.1344218048,-231435.1344218048,-231435.1344218048,-231435.1344218048,-231435.1344218048,-231435.1344218048,0.0,0.0,0.0,3179303.856679472,6,905528.0981778121
2025-06-23,3424170.9317226675,2693852.8475098396,3590764.511057575,3424170.9317226675,3424170.9317226675,-263527.34615289257,-263527.34615289257,-263527.34615289257,-263527.34615289257,-263527.34615289257,-263527.34615289257,0.0,0.0,0.0,3160643.5855697747,6,896911.6635477352
2025-06-29,3435684.0236838595,2721939.2509317296,3587005.518212587,3435684.0236838595,3435684.0236838595,-291824.5881063832,-291824.5881063832,-291824.5881063832,-291824.5881063832,-291824.5881063832,-291824.5881063832,0.0,0.0,0.0,3143859.4355774764,6,865066.2672808575
2025-07-06,3449115.9643052495,2708155.33353571,3589745.154695949,3449115.9029027647,3449115.996524944,-285383.59227176016,-285383.59227176016,-285383.59227176016,-285383.59227176016,-285383.59227176016,-285383.59227176016,0.0,0.0,0.0,3163732.3720334894,7,881589.8211602392
2025-07-13,3462547.9049266395,2771325.736439786,3720621.8333815197,3462547.7323334576,3462548.006844494,-216345.6110684086,-216345.6110684086,-216345.6110684086,-216345.6110684086,-216345.6110684086,-216345.6110684086,0.0,0.0,0.0,3246202.293858231,7,949296.0969417337
2025-07-20,3475979.8455480305,2903385.243261139,3796890.8449489675,3475979.529087058,3475980.067416214,-122735.38430089493,-122735.38430089493,-122735.38430089493,-122735.38430089493,-122735.38430089493,-122735.38430089493,0.0,0.0,0.0,3353244.4612471354,7,893505.6016878285
2025-07-27,3489411.786169421,2959160.030375181,3882283.4123706277,3489411.298288568,3489412.1429176177,-70392.28672045417,-70392.28672045417,-70392.28672045417,-70392.28672045417,-70392.28672045417,-70392.28672045417,0.0,0.0,0.0,3419019.4994489667,7,923123.3819954465
2025-08-03,3502843.726790812,2983511.8483380526,3851042.4870434827,3502843.0545551367,3502844.2391390796,-91734.70567395265,-91734.70567395265,-91734.70567395265,-91734.70567395265,-91734.70567395265,-91734.70567395265,0.0,0.0,0.0,3411109.0211168593,8,867530.6387054301
2025-08-10,3516275.6674122014,2911775.3511525583,3780580.614054746,3516274.802005095,3516276.3904928295,-163725.67431486622,-163725.67431486622,-163725.67431486622,-163725.67431486622,-163725.67431486622,-163725.67431486622,0.0,0.0,0.0,3352549.993097335,8,868805.2629021876
2025-08-17,3529707.6080335923,2857157.2645824887,3757815.036902996,3529706.521613854,3529708.5279192217,-235382.87370875294,-235382.87370875294,-235382.87370875294,-235382.87370875294,-235382.87370875294,-235382.87370875294,0.0,0.0,0.0,3294324.7343248394,8,900657.7723205071
2025-08-24,3543139.548654983,2829153.8557660654,3752943.5276659695,3543138.2659575865,3543140.68175453,-261921.04258273292,-261921.04258273292,-261921.04258273292,-261921.04258273292,-261921.04258273292,-261921.04258273292,0.0,0.0,0.0,3281218.5060722497,8,923789.671899904
2025-08-31,3556571.489276373,2906217.751036228,3790850.0051587913,3556570.0097373114,3556572.7938702805,-216312.7622108764,-216312.7622108764,-216312.7622108764,-216312.7622108764,-216312.7622108764,-216312.7622108764,0.0,0.0,0.0,3340258.7270654966,8,884632.2541225632
2025-09-07,3570003.4298977638,3008956.744688929,3936283.1490739826,3570001.6884789565,3570004.965377474,-92194.04501475858,-92194.04501475858,-92194.04501475858,-92194.04501475858,-92194.04501475858,-92194.04501475858,0.0,0.0,0.0,3477809.384883005,9,927326.4043850536
2025-09-14,3583435.370519154,3204932.9684290267,4119868.0635454645,3583433.3871094952,3583437.0646768105,85553.35412986229,85553.35412986229,85553.35412986229,85553.35412986229,85553.35412986229,85553.35412986229,0.0,0.0,0.0,3668988.7246490163,9,914935.0951164379
2025-09-21,3596867.3111405447,3394810.881801952,4323647.662266903,3596865.002568084,3596869.3142091245,261461.19247847152,261461.19247847152,261461.19247847152,261461.19247847152,261461.19247847152,261461.19247847152,0.0,0.0,0.0,3858328.503619016,9,928836.7804649505
2025-09-28,3610299.2517619347,3586156.6382003385,4426598.827031095,3610296.5889026234,3610301.4934718227,385574.0524394383,385574.0524394383,385574.0524394383,385574.0524394383,385574.0524394383,385574.0524394383,0.0,0.0,0.0,3995873.304201373,9,840442.1888307561
2025-10-05,3623731.1923833247,3642072.2511740658,4535158.548487587,3623728.237640521,3623733.7081066584,460521.25493024365,460521.25493024365,460521.25493024365,460521.25493024365,460521.25493024365,460521.25493024365,0.0,0.0,0.0,4084252.4473135686,10,893086.2973135212
2025-10-12,3637163.1330047157,3726711.7775166454,4621730.809962204,3637159.8350969697,3637165.9716167627,539598.2651831193,539598.2651831193,539598.2651831193,539598.2651831193,539598.2651831193,539598.2651831193,0.0,0.0,0.0,4176761.398187835,10,895019.0324455583
2025-10-19,3650595.0736261066,3880455.487124616,4731693.731755172,3650591.494319446,3650598.2270381944,660656.0234239993,660656.0234239993,660656.0234239993,660656.0234239993,660656.0234239993,660656.0234239993,0.0,0.0,0.0,4311251.097050106,10,851238.2446305561
2025-10-26,3664027.0142474966,4000469.023157863,4898057.676270925,3664023.1294990066,3664030.545598518,785014.2995963738,785014.2995963738,785014.2995963738,785014.2995963738,785014.2995963738,785014.2995963738,0.0,0.0,0.0,4449041.313843871,10,897588.6531130625
2025-11-02,3677458.9548688866,4059699.4376884876,4940566.766413391,3677454.836717158,3677462.8453474045,822308.2987040534,822308.2987040534,822308.2987040534,822308.2987040534,822308.2987040534,822308.2987040534,0.0,0.0,0.0,4499767.25357294,11,880867.328724903
2025-11-09,3690890.8954902776,3966265.1254297444,4866897.7634300385,3690886.3893452776,3690895.1262720246,726547.3502118844,726547.3502118844,726547.3502118844,726547.3502118844,726547.3502118844,726547.3502118844,0.0,0.0,0.0,4417438.245702162,11,900632.6380002941
2025-11-16,3704322.836111668,3816007.849853587,4713136.4212354515,3704317.991487938,3704327.4057712974,554012.8860319005,554012.8860319005,554012.8860319005,554012.8860319005,554012.8860319005,554012.8860319005,0.0,0.0,0.0,4258335.722143568,11,897128.5713818646
2025-11-23,3717754.7767330576,3694519.705420966,4541942.758297229,3717749.606659171,3717759.794371817,406493.15016589663,406493.15016589663,406493.15016589663,406493.15016589663,406493.15016589663,406493.15016589663,0.0,0.0,0.0,4124247.9268989544,11,847423.0528762634
2025-11-30,3731186.7173544485,3613318.1067446093,4494875.875273541,3731181.2070420296,3731192.0869936994,319523.3915905165,319523.3915905165,319523.3915905165,319523.3915905165,319523.3915905165,319523.3915905165,0.0,0.0,0.0,4050710.108944965,11,881557.7685289313
2025-12-07,3744618.657975839,3533336.8323577647,4413049.291864227,3744612.8176828064,3744624.5188134206,230998.3767199165,230998.3767199165,230998.3767199165,230998.3767199165,230998.3767199165,230998.3767199165,0.0,0.0,0.0,3975617.0346957557,12,879712.4595064619
2025-12-14,3758050.59859723,3396062.795955525,4298774.394847279,3758044.429249557,3758056.877338286,75899.18190136977,75899.18190136977,75899.18190136977,75899.18190136977,75899.18190136977,75899.18190136977,0.0,0.0,0.0,3833949.7804985996,12,902711.5988917546
2025-12-21,3771482.53921862,3223165.6887999647,4118117.9768611738,3771476.0775206084,3771489.1511444724,-104555.25102786548,-104555.25102786548,-104555.25102786548,-104555.25102786548,-104555.25102786548,-104555.25102786548,0.0,0.0,0.0,3666927.2881907546,12,894952.288061209
2025-12-28,3784914.479840011,3146536.2791394293,4020634.035284591,3784907.747521672,3784921.5040780567,-181734.40336288355,-181734.40336288355,-181734.40336288355,-181734.40336288355,-181734.40336288355,-181734.40336288355,0.0,0.0,0.0,3603180.076477127,12,874097.7561451616
2026-01-04,3798346.420461401,3286143.1026233346,4174704.7379767466,3798339.3624966224,3798353.886656046,-81605.62818987445,-81605.62818987445,-81605.62818987445,-81605.62818987445,-81605.62818987445,-81605.62818987445,0.0,0.0,0.0,3716740.7922715265,1,888561.635353412
2026-01-11,3811778.361082791,3468987.916639577,4337962.29862142,3811770.9079739745,3811786.3087456315,110585.19350300841,110585.19350300841,110585.19350300841,110585.19350300841,110585.19350300841,110585.19350300841,0.0,0.0,0.0,3922363.554585799,1,868974.3819818427
2026-01-18,3825210.301704182,3593541.25533217,4482556.852362535,3825202.5574279944,3825218.720637645,214464.51373587773,214464.51373587773,214464.51373587773,214464.51373587773,214464.51373587773,214464.51373587773,0.0,0.0,0.0,4039674.8154400596,1,889015.5970303649
2026-01-25,3838642.242325572,3529692.1487815743,4409560.728568535,3838634.161752653,3838651.1558815083,128026.79112059939,128026.79112059939,128026.79112059939,128026.79112059939,128026.79112059939,128026.79112059939,0.0,0.0,0.0,3966669.0334461713,1,879868.579786961
2026-02-01,3852074.182946963,3314991.7619548813,4187009.5662867813,3852065.7794307163,3852083.608324684,-79230.38159090691,-79230.38159090691,-79230.38159090691,-79230.38159090691,-79230.38159090691,-79230.38159090691,0.0,0.0,0.0,3772843.801356056,2,872017.8043319001
2026-02-08,3865506.1235683532,3196860.1314149313,4078351.6863364945,3865497.279854953,3865515.884579672,-254404.8795914877,-254404.8795914877,-254404.8795914877,-254404.8795914877,-254404.8795914877,-254404.8795914877,0.0,0.0,0.0,3611101.2439768654,2,881491.5549215632
2026-02-15,3878938.064189744,3134703.98392499,4010104.9351537,3878928.8440826377,3878948.2377439477,-324738.23688844615,-324738.23688844615,-324738.23688844615,-324738.23688844615,-324738.23688844615,-324738.23688844615,0.0,0.0,0.0,3554199.8273012983,2,875400.9512287099
2026-02-22,3892370.0048111337,3114027.482512488,3990264.2604160015,3892360.3996645967,3892380.7326258533,-350042.98117755615,-350042.98117755615,-350042.98117755615,-350042.98117755615,-350042.98117755615,-350042.98117755615,0.0,0.0,0.0,3542327.0236335774,2,876236.7779035135
2026-03-01,3905801.9454325247,2992040.1608035467,3936087.8408089858,3905791.926965044,3905812.9900195687,-416178.5875663516,-416178.5875663516,-416178.5875663516,-416178.5875663516,-416178.5875663516,-416178.5875663516,0.0,0.0,0.0,3489623.357866173,3,944047.6800054391
2026-03-08,3919233.886053915,2953524.3169614933,3856676.577514143,3919223.3423466817,3919245.59425235,-510772.9862553741,-510772.9862553741,-510772.9862553741,-510772.9862553741,-510772.9862553741,-510772.9862553741,0.0,0.0,0.0,3408460.899798541,3,903152.2605526499
2026-03-15,3932665.826675305,2954106.2513734633,3822835.4544961895,3932654.8844513875,3932677.992652719,-535200.8026387907,-535200.8026387907,-535200.8026387907,-535200.8026387907,-535200.8026387907,-535200.8026387907,0.0,0.0,0.0,3397465.0240365146,3,868729.2031227262
2026-03-22,3946097.767296696,3108226.763183096,3958336.666685984,3946086.183692952,3946110.387929593,-433435.6292499033,-433435.6292499033,-433435.6292499033,-433435.6292499033,-433435.6292499033,-433435.6292499033,0.0,0.0,0.0,3512662.1380467927,3,850109.903502888
2026-03-29,3959529.707918086,3260825.500409188,4131067.163899975,3959517.817741039,3959542.7815230684,-273730.1170156936,-273730.1170156936,-273730.1170156936,-273730.1170156936,-273730.1170156936,-273730.1170156936,0.0,0.0,0.0,3685799.5909023923,3,870241.6634907867
2026-04-05,3972961.648539477,3330222.898464726,4240184.471949464,3972949.2898119944,3972975.176349308,-178500.4542778804,-178500.4542778804,-178500.4542778804,-178500.4542778804,-178500.4542778804,-178500.4542778804,0.0,0.0,0.0,3794461.1942615965,4,909961.5734847379
2026-04-12,3986393.589160867,3382439.190162147,4217564.230425692,3986380.734575887,3986407.6611572593,-185141.30195723104,-185141.30195723104,-185141.30195723104,-185141.30195723104,-185141.30195723104,-185141.30195723104,0.0,0.0,0.0,3801252.287203636,4,835125.0402635452
2026-04-19,3999825.529782257,3358790.8214724706,4199904.467549594,3999812.0638370984,3999839.9616644736,-205656.14510566657,-205656.14510566657,-205656.14510566657,-205656.14510566657,-205656.14510566657,-205656.14510566657,0.0,0.0,0.0,3794169.3846765906,4,841113.6460771235
2026-04-26,4013257.470403648,3454837.9679425224,4303038.094959415,4013243.537691426,4013272.4533600733,-134208.12756465113,-134208.12756465113,-134208.12756465113,-134208.12756465113,-134208.12756465113,-134208.12756465113,0.0,0.0,0.0,3879049.342838997,4,848200.1270168922
2026-05-03,4026689.411025038,3573614.192721717,4489095.4558313405,4026674.8780813194,4026704.925420895,24397.551333984775,24397.551333984775,24397.551333984775,24397.551333984775,24397.551333984775,24397.551333984775,0.0,0.0,0.0,4051086.962359023,5,915481.2631096235
2026-05-10,4040121.351646429,3749119.309926561,4643033.569451039,4040106.448809503,4040137.527848731,154223.57955672394,154223.57955672394,154223.57955672394,154223.57955672394,154223.57955672394,154223.57955672394,0.0,0.0,0.0,4194344.931203153,5,893914.2595244776
2026-05-17,4053553.292267819,3786137.2230674857,4666090.720243085,4053537.8120777,4053569.917380168,151809.33903751915,151809.33903751915,151809.33903751915,151809.33903751915,151809.33903751915,151809.33903751915,0.0,0.0,0.0,4205362.631305338,5,879953.4971755994
2026-05-24,4066985.23288921,3654054.570019265,4524094.654244972,4066969.128647899,4067002.544610205,29493.957437227735,29493.957437227735,29493.957437227735,29493.957437227735,29493.957437227735,29493.957437227735,0.0,0.0,0.0,4096479.190326438,5,870040.0842257072
2026-05-31,4080417.1735106,3512031.3632858233,4408270.138771806,4080400.6701233345,4080434.999711973,-111706.2453693063,-111706.2453693063,-111706.2453693063,-111706.2453693063,-111706.2453693063,-111706.2453693063,0.0,0.0,0.0,3968710.9281412936,5,896238.7754859827
2026-06-07,4093849.1141319904,3459031.2520967587,4354708.020981823,4093832.0881958166,4093867.6253641914,-193690.08723853156,-193690.08723853156,-193690.08723853156,-193690.08723853156,-193690.08723853156,-193690.08723853156,0.0,0.0,0.0,3900159.026893459,6,895676.7688850644
2026-06-14,4107281.054753381,3453213.0045492277,4305471.2202628795,4107263.5144148082,4107300.245658316,-224075.91214864122,-224075.91214864122,-224075.91214864122,-224075.91214864122,-224075.91214864122,-224075.91214864122,0.0,0.0,0.0,3883205.1426047394,6,852258.2157136519
2026-06-21,4120712.9953747713,3453321.718075891,4335301.369391752,4120694.9268176565,4120732.816102329,-251668.50226108078,-251668.50226108078,-251668.50226108078,-251668.50226108078,-251668.50226108078,-251668.50226108078,0.0,0.0,0.0,3869044.4931136905,6,881979.6513158614
